,supplier_name,water_usage_per_capita,total_population_served,reported_final_total_potable_water_production,final_percent_residential_use,reported_recycled_water,percent_non_revenue,climate_zone,county_under_drought_declaration,cluster,pca_1,pca_2
0,Adelanto City Of,563.7346810376143,30637.35238095238,17367678.06857143,64.37057142857142,0.0,0.010858516601905212,14,0.21904761904761905,1,0.14464089629713628,-0.12125467854092667
1,Alameda County Water District,0.0031115319698562694,351080.9906542056,1093.0028037383179,70.26822429906542,0.0,0.07376401596838522,3,0.21495327102803738,1,1.5891117088384086,0.5895755758819567
2,Alco Water Service,0.003500606667138792,29767.064814814814,104.20774074074073,84.55092592592592,0.0,0.5216494534540415,3,0.21296296296296297,1,-0.17371815924027106,0.9036977416660894
3,Alhambra  City Of,0.008923062449928484,85100.31325301205,759.3678045421688,85.74626506024096,0.0,0.0656171130972772,9,0.2289156626506024,1,0.4532829335230932,1.250149863167349
4,Amador Water Agency,0.004005776397872608,23083.556603773584,92.33537735849056,57.47981132075471,3.548490566037736,0.9041859125821373,12,0.1792452830188679,1,0.2241301449219787,-0.8437209758340304
5,"American Canyon, City Of",0.01108206786901799,20491.267441860466,226.8170930232558,55.11976744186047,13.968953488372092,5.6368893406762,2,0.23255813953488372,1,-0.4316179684575539,-1.7089383090660346
6,Anaheim  City Of,0.013070137673205124,362483.5504587156,4738.926605504587,55.63302752293578,0.40733944954128437,0.0038952788514538907,8,0.1743119266055046,1,1.937031071121358,-0.2809298680815343
7,"Anderson, City Of",0.024325631561571387,11033.572916666666,270.3992395833333,68.52624999999999,0.0,2.6326075918639753,11,0.20833333333333334,1,-0.667261625538537,-0.5745464760167693
8,Antioch  City Of,0.0035373212539890437,111892.39252336448,395.60067289719626,73.02626168224299,0.2644672897196262,0.07218382630798233,12,0.1308411214953271,1,0.8850512964590486,0.5320085356944143
9,Apple Valley Ranchos Water Company,5.656499881912345,62602.0,354108.20560747664,68.61560747663552,0.0,0.0001892090480214772,14,0.1308411214953271,1,0.6622733162633666,0.1622020024260611
10,Arcadia  City Of,0.0202537398957495,57259.878787878784,1154.1749494949495,75.01919191919191,0.0,0.10104585173865592,9,0.20202020202020202,1,0.46026862832833537,0.5167434954580292
11,Arcata  City Of,0.0026955682474250364,18903.34259259259,50.87631481481481,52.30555555555556,0.0,1.5378399668934974,1,0.18518518518518517,1,0.13920749472530317,-1.2902152798444502
12,Arroyo Grande  City Of,0.010410652437510014,17539.58878504673,182.37476635514017,79.83644859813084,0.0,0.5187159508291952,5,0.17757009345794392,1,-0.3679189711805806,0.5142997057934147
13,Arvin Community Services District,2218.9270874335466,21272.435185185186,48046772.30774074,74.96296296296296,0.0,0.18266128868847506,13,0.2037037037037037,0,-0.9292484859407034,0.7677688783543406
14,Atascadero Mutual Water Company,0.004169378562254268,32101.384615384617,133.92932692307693,76.49038461538461,0.29423076923076924,1.9613682422913494,4,0.14423076923076922,1,-0.14950263077399056,0.2174044788238173
15,Atwater  City Of,5776.694881888497,30441.666666666668,177214770.8961111,75.04629629629629,0.0,0.04861557365279696,12,0.19444444444444445,0,-2.0293660542766636,1.6027612209998539
16,Azusa  City Of,5.923200748710066,107806.92592592593,638060.6425,53.98148148148148,0.0,0.001141972102172998,9,0.1574074074074074,1,1.2885558974099445,-0.6179884387206795
17,Bakersfield  City Of,9.479842656894748,151996.35185185185,1438388.7222222222,74.19993981481481,336.90092592592595,3.1459668818813244e-05,13,0.1574074074074074,1,1.038086448439359,0.676041333363671
18,Bakman Water Company,5185.7439229720185,16437.98113207547,84493154.33726415,78.30188679245283,0.0,1.0244306006209793e-06,13,0.18867924528301888,0,-2.2220877329828292,1.5631853764799053
19,Banning  City Of,0.020055312930751575,30571.093457943924,612.9716822429907,56.85514018691589,0.0,0.5636796843454477,15,0.14953271028037382,1,0.4420603460358655,-0.7760384137012302
20,Beaumont-Cherry Valley Water District,0.021432331920421037,50881.97169811321,1054.7971358490565,67.5377358490566,0.0,0.08233400957617182,10,0.18867924528301888,1,0.560128889854034,0.04278431631507604
21,Bella Vista Water District,0.03532725262444476,18448.58024691358,651.0246913580247,49.001234567901236,0.0,0.12938435082910082,11,0.24691358024691357,1,0.38840878384848976,-1.2873484090875669
22,Bellflower-Somerset Mutual Water Company,0.00874085504935306,46300.0,404.70158878504674,82.88785046728972,0.10962616822429908,0.7126084640006063,8,0.14953271028037382,1,0.08559249573959765,0.8616087325194911
23,Benicia  City Of,0.012170529634946336,28086.0,341.8214953271028,54.0,0.0,0.2453160971297209,12,0.19626168224299065,1,0.4999195810482256,-0.918782113004938
24,Beverly Hills  City Of,0.018066586355051706,44447.26168224299,799.4007476635514,70.1214953271028,0.0,2.1268782315776913,9,0.19626168224299065,1,0.15078749172122463,-0.12905635658883724
25,Big Bear City Community Services District,0.006552647840668581,12518.77358490566,82.03051886792453,95.8116037735849,0.0,4.283797593167599,16,0.20754716981132076,1,-1.4170385933215974,0.8604152985049006
26,Blythe  City Of,171.92583040317388,13219.948453608247,2092515.2045670103,62.736804123711345,0.0,8.326079760930346,15,0.13402061855670103,1,-1.2727379526564648,-1.6947447681933172
27,Brawley  City Of,0.005743177137779522,27635.314814814814,158.64462962962963,64.42246296296297,0.0,0.9479562123658573,15,0.2037037037037037,1,0.16751940175238342,-0.3939459591845694
28,Brea  City Of,0.01828557852703655,43317.84259259259,790.472037037037,50.851851851851855,0.0,0.0681877717330583,8,0.1574074074074074,1,0.8367963632732773,-0.9982065408523834
29,Brentwood  City Of,0.0044680675633083245,61614.305555555555,275.5296574074074,76.99777777777778,18.702129629629628,2.806850406761651,12,0.18518518518518517,1,0.09211465394620849,0.251611739205359
30,Buena Park  City Of,0.013068691449532837,82776.25742574257,1081.9138613861387,58.95049504950495,0.0,0.04926149815949379,8,0.18811881188118812,1,1.0266591609178939,-0.37710601149943646
31,Burbank  City Of,0.012278099286075064,105553.01,1295.867,72.9338,5.6,0.0611164285000249,9,0.19,1,0.8557285281556776,0.5165645446855051
32,Burlingame  City Of,3077.752427518904,31259.284403669724,95937896.26201834,61.7943119266055,0.0,0.32792773519930646,3,0.2018348623853211,0,-0.7620313067225472,0.20237679618146245
33,Calaveras County Water District,0.0045291238143886055,29925.102564102563,131.4821794871795,73.71111538461538,5.103807692307692,17.804207156988337,16,0.1794871794871795,1,-2.271762576670378,-2.3038837748814585
34,Calexico  City Of,0.004325160641391482,39987.708333333336,172.96270833333332,73.20145833333333,0.0,0.46082067737566,15,0.11458333333333333,1,0.249237820623635,0.2828044347112536
35,California City  City Of,0.02549667036982931,14105.009523809524,359.08838095238093,58.1432380952381,33.18533333333333,13.902853066845344,14,0.18095238095238095,1,-1.8265269881776958,-2.819517272495601
36,California Water Service Company Antelope Valley,0.0153538390557013,3411.1296296296296,52.3949074074074,91.30833333333332,0.0,1.7585708816612655,14,0.21296296296296297,1,-1.7087643349369945,0.7045021973141059
37,California Water Service Company Bakersfield,0.017470702637969973,283171.06481481483,4942.122222222221,68.58148148148149,0.0,0.01770571679784803,13,0.21296296296296297,1,1.5125813993195871,0.45331869347361725
38,California Water Service Company Bear Gulch,0.015609298022952599,62227.15740740741,965.4314814814816,86.025,0.0,0.09874900639601181,13,0.21296296296296297,1,0.266426680304186,1.2005655165205789
39,California Water Service Company Chico District,0.01606639675770459,107159.13888888889,1719.3694444444443,71.83148148148149,0.0,0.051989088823565205,11,0.21296296296296297,1,0.8896035097993662,0.4540671617806408
40,"California Water Service Company Dixon, City Of",0.010172788979045746,10255.62037037037,104.26944444444445,87.54629629629629,0.0,0.7884318402155008,12,0.21296296296296297,1,-0.875389333644829,0.8362360368528735
41,California Water Service Company Dominguez,0.016881071897850236,142946.12037037036,2412.4046296296297,37.925000000000004,0.0,0.032584869355608885,6,0.18518518518518517,1,1.7969458298416296,-1.5416130493998113
42,California Water Service Company East Los Angeles,0.00765163695089815,153354.62037037036,1172.7351851851852,53.58148148148148,0.0,0.06632152639350655,9,0.18518518518518517,1,1.4891259129436796,-0.5837507834289266
43,California Water Service Company Hermosa/Redondo,0.009252167665623883,96208.93518518518,890.0120370370371,76.94537037037037,0.0,0.08783797615884688,6,0.18518518518518517,1,0.7120783278678915,0.7375430210227321
44,California Water Service Company Kern River Valley,0.011330706142337775,5495.027777777777,62.361111111111114,86.54814814814816,0.0,1.3290096617419092,16,0.21296296296296297,1,-1.2779866786479652,0.5731715042889928
45,California Water Service Company King City,0.008429341798914023,15427.611111111111,129.82222222222222,54.333333333333336,0.0,0.6253853929682314,4,0.21296296296296297,1,0.10385837805404628,-1.0725605130573879
46,California Water Service Company Livermore,0.011611970617327376,59220.32407407407,687.8462962962963,76.7398148148148,0.0,0.12977545592101022,12,0.21296296296296297,1,0.4376634792441736,0.6234189428946072
47,California Water Service Company Los Altos/Suburban,0.013666980495620377,69807.27777777778,953.6175925925926,74.85185185185185,0.0,0.09275985418251011,4,0.21296296296296297,1,0.5766246540939267,0.5468052549800665
48,California Water Service Company Marysville,0.012787604044000252,12241.305555555555,156.52592592592592,65.89722222222223,0.0,0.5452219779756009,11,0.21296296296296297,1,-0.2687731372352959,-0.40529359746847465
49,California Water Service Company Mid Peninsula,0.00829742506656625,136256.25925925927,1129.8916666666667,73.20833333333333,0.0,0.07133354686805143,3,0.21296296296296297,1,0.9921057255705766,0.5819307557298
50,California Water Service Company Oroville,0.018836852501382954,10991.62962962963,206.96481481481482,42.70648148148148,0.0,0.4690554504651763,11,0.21296296296296297,1,0.18871637597293453,-1.8209368804423776
51,California Water Service Company Palos Verdes,0.02019912277015634,70262.91666666667,1418.7546296296296,82.30185185185185,0.0,0.05872013405692537,6,0.18518518518518517,1,0.4217560393871347,1.00469339757303
52,California Water Service Company Redwood Valley,0.008747721357664993,3295.546296296296,28.791666666666668,93.50185185185185,0.0,2.7566186816006084,2,0.21296296296296297,1,-1.9112382397139458,0.6833303389720136
53,California Water Service Company Salinas District,0.010664780111022587,122634.33333333333,1307.8092592592593,60.88703703703704,0.0,0.061755040151274795,3,0.21296296296296297,1,1.203894376945404,-0.18423267099722473
54,California Water Service Company Selma,0.013322334156731418,25745.48148148148,342.2675925925926,76.79722222222223,0.0,0.25597479830636677,13,0.21296296296296297,1,-0.04971568794795631,0.4443774122300733
55,California Water Service Company South San Francisco,0.009022785067220497,62624.583333333336,564.3481481481481,42.39351851851852,0.0,0.13912800588563087,3,0.21296296296296297,1,1.2199642476638974,-1.448863791636983
56,California Water Service Company Stockton,0.01121671847922291,172891.40740740742,1938.8037037037036,58.721296296296295,0.0,0.04238542086022564,12,0.21296296296296297,1,1.447335212546431,-0.2450743480320891
57,California Water Service Company Visalia,0.016379914848794953,144399.62962962964,2363.8333333333335,70.10833333333333,0.0,0.08285765985443616,13,0.21296296296296297,1,1.09111097614439,0.40374550220852573
58,California Water Service Company Westlake,0.028083024046502987,19472.98148148148,546.8227777777778,72.67962962962963,0.0,0.16167991224223985,9,0.18518518518518517,1,-0.10402412270226909,0.1537781077531195
59,California Water Service Company Willows,0.013484280928560965,7160.7962962962965,96.54166666666667,72.7611111111111,0.0,0.8931782988262108,11,0.21296296296296297,1,-0.7680482431684297,-0.14609610628723912
60,California-American Water Company Los Angeles District,0.014892773006308303,102034.4074074074,1519.5496296296294,77.01870370370371,0.0,0.053343966100897165,8,0.18518518518518517,1,0.7482402085375204,0.7586483367732935
61,California-American Water Company Monterey District,0.008359895781210512,93826.0,784.2685185185185,66.0637962962963,86.79675925925925,0.10094760310550975,3,0.21296296296296297,1,0.9344601740144403,0.07108705493169219
62,California-American Water Company Sacramento District,0.011232556591096452,203287.80555555556,2283.659074074074,76.75481481481482,0.0,0.0379631668138358,12,0.21296296296296297,1,1.1442446352385156,0.8805442520812299
63,California-American Water Company San Diego District,0.0087691500194401,94347.41666666667,827.2237962962963,68.86120370370371,0.0,0.09630806285827417,7,0.18518518518518517,1,0.876952522367073,0.24242711332213066
64,California-American Water Ventura District,0.018632030737435197,63126.93518518518,1175.921388888889,66.38388888888889,0.0,0.07052526716571027,9,0.18518518518518517,1,0.7084162060762432,0.017013064976483725
65,Camarillo  City Of,0.013035053603769843,48392.92592592593,630.5661111111111,60.56611111111111,23.53009259259259,2.109140970637831,6,0.2037037037037037,1,0.4103169266792444,-0.6889043020339611
66,Cambria Community Services District,0.009248520010798683,6083.1,56.1295,60.025,0.0,4.134888511055267,5,0.21,1,-1.019604142188058,-1.4287827622289515
67,Camrosa Water District,0.018752776539790635,34672.84782608696,648.8240217391304,69.63673913043478,1.3456521739130434,2.2292417503392685,6,0.1956521739130435,1,0.007713707146660581,-0.22241344426114065
68,Carlsbad Municipal Water District,0.013963449267311008,88824.32407407407,1237.4546296296296,65.9525925925926,326.9754629629629,0.0656391413955148,7,0.18518518518518517,1,0.9108238614249208,0.058782349761888994
69,Carmichael Water District,0.011653523650013726,38835.04878048781,455.655487804878,78.16256097560975,0.0,3.776681384697681,12,0.25609756097560976,1,-0.3245165148521755,0.08821985823856932
70,Carpinteria Valley Water District,0.02257379235448489,14977.121495327103,337.7423364485981,43.58682242990654,0.0,6.887884250955966,6,0.19626168224299065,1,-0.5248502507556372,-2.654372172669664
71,Casitas Municipal Water District,0.06605290218577103,12846.666666666666,768.3648148148147,30.875555555555554,0.0,3.653202093189021,10,0.18518518518518517,1,0.10474589732776345,-2.977479398982597
72,Ceres  City Of,0.0036745188312496753,47865.5,175.64377592592592,75.05277777777778,0.0,9.501115061260938,12,0.12962962962962962,1,-0.9132289500935623,-0.9042933340891418
73,Cerritos  City Of,0.012402412326358553,49295.36448598131,611.3421588785046,87.0,18.66429906542056,3.3778203033524727,8,0.12149532710280374,1,-0.32976782415063344,0.729713156580299
74,Chino  City Of,0.012996049889372512,78201.94444444444,1006.6835555555556,62.21366666666666,0.0,0.08300914080142832,10,0.15555555555555556,1,0.9186286667907683,-0.19547604521751064
75,Chino Hills  City Of,5.646614563020638,80362.97222222222,452472.0236481481,75.59444444444445,55812.25599074074,0.08742567746341151,10,0.18518518518518517,1,0.6382892936714615,0.6214811030133465
76,Chowchilla City Of,5851.526927693065,13375.0,78264172.65789473,65.83131578947369,0.0,15.675671897024733,13,0.5263157894736842,0,-4.4327802499859175,-1.4092047175332532
77,Citrus Heights Water District,0.013364045788106306,66820.54901960785,888.8735294117647,88.73529411764706,0.0,2.756453833325084,12,0.18627450980392157,1,-0.11241493216425887,0.9864822001639194
78,"City Of Big Bear Lake, Dept Of Water & Power",0.0021769953483338398,27212.233644859814,59.03121495327103,75.66588785046729,0.0,9.122983086635038,16,0.1588785046728972,1,-1.193476299640252,-0.9224105562119809
79,City Of Newman Water Department,5141.178014857931,11355.317757009347,58344794.41485982,61.6785046728972,0.0,0.015992138849452383,12,0.205607476635514,0,-2.0520077713876548,0.4711601959021764
80,Cloverdale,0.003497784391728287,9055.85,31.676098862499998,72.79125,0.0,6.1376766382500545,2,0.2375,1,-1.3461111850729615,-0.8723714686397849
81,Clovis  City Of,0.005387760146831886,117584.79629629629,632.8713518518518,82.47101851851852,7.241981481481481,0.14647999672295428,13,0.21296296296296297,1,0.6961245194775906,1.1032962673061746
82,Coachella  City Of,0.004287215007650204,45252.72641509434,194.10699056603775,73.96688679245283,0.0,0.11586018851803442,15,0.18867924528301888,1,0.34879894090656743,0.40446585736863927
83,Coachella Valley Water District,0.027629773961911772,295973.3796296296,8164.654907407407,71.75555555555555,0.0,0.010083947949350506,15,0.18518518518518517,1,1.469003974062779,0.6555422744423633
84,Coalinga City Of,0.014030734610638185,16917.346666666668,234.59466666666665,59.166666666666664,0.0,7.285654694840712,13,0.24,1,-0.851234930129918,-1.7447632687297723
85,Coastside County Water District,0.0030253249902958894,17346.896226415094,52.168207547169814,56.607830188679245,0.0,1.570907767252732,3,0.19811320754716982,1,-0.007856298449005384,-1.051220095357568
86,"Colton, City Of",0.28869624441208064,51695.46913580247,15564.746209876543,54.41456790123457,0.0,1.795443517535727,10,0.18518518518518517,1,0.6245342021636447,-1.0024200357860775
87,Compton  City Of,0.1271773840078084,80501.90217391304,10412.649847826087,69.54608695652173,0.0,0.4369631491026929,8,0.16304347826086957,1,0.7264563643766154,0.2024475912934679
88,Contra Costa Water District,0.009320522688452345,202110.25925925927,1886.4750925925925,76.2175925925926,0.0,0.056439515696127214,12,0.2037037037037037,1,1.1502379920879122,0.844109365295318
89,"Corcoran, City Of",0.007472549142579362,20460.97333333333,140.72169333333335,63.020399999999995,1.6742266666666668,14.589578199821096,13,0.29333333333333333,1,-1.8167817435065905,-2.552094551128447
90,Corona  City Of,0.013850186584473591,169741.85185185185,2348.7125925925925,68.615,317.7455589342593,4.717459925778015,10,0.18518518518518517,1,0.5877825840807962,-0.33920543011661025
91,Covina  City Of,0.012667969108952343,33490.26666666667,424.5955238095238,76.89106666666666,0.0,0.06327977286052312,9,0.12380952380952381,1,0.12238756361092197,0.5302575444368205
92,Crescent City  City Of,0.00345290386393465,18732.277777777777,64.68407407407408,59.949074074074076,0.0,1.0124790709092704,1,0.1388888888888889,1,0.037798944973306,-0.7511288622622249
93,Crescenta Valley Water District,32.03466904544414,32670.417475728154,1012695.4445631069,80.95728155339806,0.0,0.6605890836179314,9,0.11650485436893204,1,-0.07329033452906843,0.6903259681362414
94,Crestline Village Water District,2.876852730299005,8381.79012345679,23797.882469135802,75.67901234567901,0.0,0.6699130987858026,16,0.16049382716049382,1,-0.7141530520037693,0.0953024774578588
95,Cucamonga Valley Water District,0.016809278355032726,204287.31,3433.92156,65.061,0.0,0.03056182216665654,10,0.22,1,1.4040692839234834,0.17378340208673507
96,Daly City  City Of,2.16225621350482,108045.1574074074,233545.95101851854,87.26666666666667,503.82935185185187,0.0012594680732064005,3,0.21296296296296297,1,0.5623191619752456,1.3992256644871652
97,Davis  City Of,0.0038494834660387557,69853.43518518518,268.81074074074075,73.85092592592592,0.0,0.1410669746911321,12,0.21296296296296297,1,0.5923819925639496,0.47913022588058446
98,Del Oro Water Company,3.49660597117468,8683.273684210526,30374.39252631579,75.85021052631579,0.0,12.236608673862017,11,0.24210526315789474,1,-2.263248912859023,-1.594928193040957
99,Delano  City Of,0.004224847802770514,53686.057692307695,226.15448653846153,54.88461538461539,0.0,1.684449018550608,13,0.16346153846153846,1,0.6506397458275485,-0.9501665195465039
100,Desert Water Agency,14.257498826218747,78123.09523809524,1088987.732095238,66.43666666666667,0.0,0.0002690232433538274,15,0.2,1,0.8315052405406563,0.07547927463138146
101,Diablo Water District,0.003642154633455376,40969.13888888889,149.20510185185185,82.31527777777777,0.0,0.5219626159466432,12,0.19444444444444445,1,0.05504980989320531,0.8309813622806109
102,Dinuba  City Of,0.004966597650278954,25204.855263157893,125.46131578947367,67.09342105263158,0.0,5.159728837618494,13,0.23684210526315788,1,-0.5126693724264314,-0.8719772886838212
103,Discovery Bay Community Services District,37.61175468845879,15553.935483870968,559214.6096774194,78.65053763440861,0.3118279569892473,0.8764349612276683,12,0.11827956989247312,1,-0.4719330174844928,0.37378233583682996
104,Downey  City Of,0.01050632519232577,112101.11111111111,1177.7027777777778,74.71574074074074,60.92138888888889,0.2652077958852698,8,0.17592592592592593,1,0.8229861814418629,0.6062865452242251
105,Dublin San Ramon Services District,0.0028612663912381702,88843.00925925926,254.67871296296295,74.49293518518519,70.71432544444444,5.568490033613774,12,0.1574074074074074,1,-0.020618829708443573,-0.23593845157048685
106,East Bay Municipal Utilities District,0.00288444860413637,1401056.074766355,4038.76523364486,59.929906542056074,0.0,0.03563207748670868,3,0.19626168224299065,1,2.5999508012855674,0.24084388732149653
107,East Niles Community Service District,0.021728620927786952,30975.058823529413,667.1176470588235,71.08235294117647,0.0,0.12149257598543116,13,0.15294117647058825,1,0.19774261400439835,0.15420991858611163
108,East Orange County Water District,0.02946830868407972,3260.801886792453,95.8127358490566,95.75094339622642,0.0,2.6508352290908435,8,0.12264150943396226,1,-1.9521484787548644,0.8331961816391734
109,"East Palo Alto, City Of",2.1366916797809523,28553.22105263158,60747.65136842105,80.03746947368421,0.0,3.2712772494669116,3,0.21052631578947367,1,-0.4711520899110177,0.2164167497935701
110,East Valley Water District,0.014578150987373077,102423.48148148147,1492.1833333333332,77.78703703703704,0.0,0.05635550429536704,10,0.17592592592592593,1,0.7331514490155807,0.8055249279366984
111,Eastern Municipal Water District,0.011250854064942518,585279.1203703703,6561.361111111111,76.24074074074075,0.0,2.14849331941567,10,0.18518518518518517,1,1.4653882593166976,0.7458445020686676
112,El Centro  City Of,4581.230576133947,45431.33644859813,208127977.9906542,66.24299065420561,0.0,3.7783942125672374e-07,15,0.1588785046728972,0,-1.1616224011950136,0.9065718902391405
113,El Dorado Irrigation District,0.022449139210277372,119943.92592592593,2675.7391666666667,65.52898148148148,264.4325,0.03665333362209477,12,0.19444444444444445,1,1.0931493026598946,0.09648246141551976
114,El Monte  City Of,0.002557397207655023,22968.0,58.738299065420556,60.843364485981304,0.0,0.6114883198753828,9,0.17757009345794392,1,0.18725496225884525,-0.5976137115801834
115,El Segundo  City Of,10.288430032020104,16705.981308411214,171345.61560747665,36.86654205607476,3035351.7598130843,0.034046469115590686,6,0.14018691588785046,1,0.6073597829463199,-2.0262053726887985
116,El Toro Water District,0.012703228600817016,48439.555555555555,615.4384444444445,67.54488888888889,93.29122222222222,1.6025263810187556,8,0.15555555555555556,1,0.32658929714634943,-0.19090101891545716
117,Elk Grove Water Service,3777.167468827572,45427.833333333336,171658620.0925926,80.47638888888889,0.0,5.362339377827669e-07,12,0.17592592592592593,0,-1.1754158594933484,1.6021532505646663
118,Elsinore Valley Municipal Water District,0.012170792990201348,155194.83333333334,1885.8405555555555,76.13441666666667,552.5341666666667,0.04547318247245203,10,0.16666666666666666,1,1.0048122992644815,0.7887195473579242
119,Escondido  City Of,0.01183959642764664,137212.01869158878,1623.6530841121496,59.32710280373832,49.01817757009346,0.06443930949194068,10,0.16822429906542055,1,1.300935312702968,-0.2570851510979909
120,Estero Municipal Improvement District,4.296121353380245,37570.09433962264,161509.3679245283,63.37924528301887,0.0,8.27097292998751,3,0.19811320754716982,1,-0.6291276616062712,-1.4770242049159679
121,Eureka  City Of,0.002977053333766445,26927.277777777777,80.19177777777777,60.838888888888896,0.0,0.6450605661333206,1,0.19444444444444445,1,0.27235968409181566,-0.5715519811441551
122,Exeter  City Of,4827.431237461047,10793.16923076923,52013313.56278,75.67692307692307,0.0,25.910146463341025,13,0.3076923076923077,0,-5.774439708404006,-2.5785129520098145
123,Fair Oaks Water District,0.021653079126716848,36226.0,784.4044444444444,75.0,0.0,0.06592122668349001,12,0.19444444444444445,1,0.20765014101160892,0.43069139496167336
124,Fairfield  City Of,0.005026567758573245,109848.60747663552,551.7878504672898,54.14018691588785,0.0,0.15439104197116976,12,0.19626168224299065,1,1.2771025586095914,-0.6285330800680652
125,Fallbrook Public Utility District,0.021797466878012504,34962.6,761.8914285714286,52.62571428571428,49.99619047619048,0.20633690801642146,10,0.19047619047619047,1,0.6586007251999139,-0.9532390709430777
126,Fillmore  City Of,2709.6950314578803,15325.683168316831,41596829.76039604,89.25564356435643,177042.60396039605,2.512292876785482,9,0.16831683168316833,0,-1.9238854358134176,1.3276959455855577
127,Folsom  City Of,0.02304331756119313,67275.75700934579,1547.5192523364485,60.37757009345794,0.0,9.017781306940549,12,0.17757009345794392,1,-0.33481546625493874,-1.655493732255258
128,Fortuna  City Of,0.002856410927957338,12057.598130841121,34.42937196261682,84.28971962616822,1.4456542056074766,1.1349329954241862,1,0.205607476635514,1,-0.7598200432958399,0.619525412105758
129,Fountain Valley  City Of,0.012045343854000332,58653.878504672895,706.5893457943926,58.85514018691589,127.42523364485982,1.1201398361399233,6,0.1308411214953271,1,0.6898787706247917,-0.6087659610883591
130,Fresno  City Of,2167.008757123504,536892.7009345795,1163022142.5011165,59.99607476635514,1453504.6728971964,20.897942471677222,13,0.205607476635514,1,-1.5672719685493903,-2.5734355079579414
131,Fruitridge Vista Water Company,2537.4722714892196,19096.81730769231,53444003.038461536,78.7214423076923,0.0,1.3848540748985623,12,0.22115384615384615,0,-1.352987403216926,0.8630961924102314
132,Fullerton  City Of,0.013801988115290915,139412.72222222222,1919.070386111111,65.7387037037037,497.9824074074074,5.19643704172194,8,0.17592592592592593,1,0.4751203702743844,-0.6229954135512668
133,Galt  City Of,28.758012065422353,25281.66355140187,698507.8101962617,80.52803738317758,15.272334579439251,0.7052539639888912,12,0.21495327102803738,1,-0.2130866758200836,0.6065887517756521
134,Garden Grove  City Of,0.010625021527467231,174929.6081081081,1859.3363537162163,66.8108108108108,0.0,2.5643604244256646,8,0.20270270270270271,1,0.9355641194407511,-0.12476361510232144
135,Georgetown Divide Public Utilities District,0.0048102247926562185,9363.101851851852,44.96109259259259,80.91296296296296,0.0,12.56314750893554,12,0.21296296296296297,1,-2.3745577532668856,-1.322156423856921
136,Gilroy  City Of,0.0037271414439666276,56483.648148148146,210.373,65.05092592592592,0.0,0.13224426724824956,4,0.2037037037037037,1,0.6666465868714387,-0.09477712598365025
137,Glendale  City Of,0.009672281669813194,197754.12037037036,1912.9341666666664,77.825,132.5749074074074,0.09554655597402707,9,0.16666666666666666,1,1.0974794735772757,0.9314816594122897
138,Glendora  City Of,0.015989800494125968,51294.416666666664,819.6330555555555,78.73148148148148,0.0,9.097469795011923,9,0.19444444444444445,1,-0.9002149997154872,-0.6081006105913894
139,Golden State Water Company Artesia,0.008439061362655462,48365.18518518518,407.69074074074075,74.43611111111112,7.278703703703704,0.5807051205603014,8,0.18518518518518517,1,0.313082092802286,0.37736677540906693
140,Golden State Water Company Barstow,0.014665653408776048,31546.694444444445,462.5009259259259,58.32314814814814,0.0,1.4101998975695906,14,0.18518518518518517,1,0.313068148704251,-0.8058547361809432
141,Golden State Water Company Bay Point,0.006579679015567769,22504.064814814814,147.96666666666667,82.84444444444445,0.0,0.34085836759519106,12,0.21296296296296297,1,-0.26938462526593604,0.7719216216868736
142,Golden State Water Company Bell-Bell Gardens,0.006624316930502004,57431.06481481482,380.5,75.95462962962964,10.04351851851852,0.4043867984589827,8,0.18518518518518517,1,0.4004279112844904,0.5292447002687624
143,Golden State Water Company Claremont,0.0204969073238532,37555.06481481482,768.1342592592592,65.37592592592593,0.0,0.13219557916784133,9,0.18518518518518517,1,0.429713423449323,-0.1553670739899688
144,Golden State Water Company Cordova,0.024391132925711854,44456.083333333336,1082.0814814814814,58.00833333333333,0.0,0.8372211452944515,12,0.21296296296296297,1,0.5906379969639289,-0.672851502147827
145,Golden State Water Company Culver City,0.011087485857615846,36504.166666666664,404.31666666666666,56.273148148148145,0.0,0.11894495071248302,8,0.18518518518518517,1,0.6148553091333873,-0.7107609128766237
146,Golden State Water Company Florence Graham,0.006000217997448733,65221.46296296296,391.3583333333333,79.61388888888888,0.0,0.27218750682596043,8,0.18518518518518517,1,0.40981301004540727,0.7955948542171077
147,Golden State Water Company Norwalk,0.008010636888582097,44166.50925925926,353.9325,71.45925925925926,14.866666666666665,0.5437302267633014,9,0.18518518518518517,1,0.3321350436278992,0.1845167632086227
148,Golden State Water Company Orcutt,0.01537175802676554,32241.814814814814,495.2527777777778,83.58981481481482,0.0,0.13466915893603426,5,0.21296296296296297,1,-0.055349051442760255,0.9182879727789007
149,Golden State Water Company Placentia,0.011206324568924715,49418.0462962963,552.1351851851852,72.67962962962963,0.0,0.48642224787195576,8,0.18518518518518517,1,0.37642631972267854,0.289055142689311
150,Golden State Water Company S Arcadia,0.0091312038911505,26826.416666666668,245.0037037037037,87.06111111111112,0.0,0.24086594568935712,9,0.18518518518518517,1,-0.24926386806950582,1.0768436817229539
151,Golden State Water Company S San Gabriel,0.007195308398104414,27409.175925925927,197.29074074074074,80.98333333333333,1.2966666666666666,0.3872745447187175,9,0.18518518518518517,1,-0.1238846987237368,0.6910518522774288
152,Golden State Water Company San Dimas,0.015589323391420832,55166.53703703704,859.5648148148148,67.04814814814814,0.0,0.23052628954011123,9,0.18518518518518517,1,0.5963247284997731,0.0071344505641032264
153,Golden State Water Company Simi Valley,0.011284669693479911,43670.26851851852,492.40092592592595,76.56759259259259,0.0,0.1768961312316432,9,0.18518518518518517,1,0.263546389689393,0.5460944047876718
154,Golden State Water Company Southwest,0.008048138175591798,272761.81481481483,2194.762962962963,69.86111111111111,34.30833333333334,0.5518540797235275,8,0.18518518518518517,1,1.3912033362143281,0.4446518670136016
155,Golden State Water Company West Orange,0.010257176129695345,112541.68518518518,1154.2416666666668,68.66388888888889,12.557407407407409,0.41646540379653096,8,0.18518518518518517,1,0.9372487907562201,0.21789424593849546
156,Goleta Water District,0.010639476933788673,84455.05714285714,898.406761904762,49.12476190476191,2.230857142857143,0.0920758264085633,6,0.1619047619047619,1,1.2473303988423643,-0.9750632880165017
157,Great Oaks Water Company Incorporated,0.007952184528993097,103590.19047619047,822.6839047619047,77.6403619047619,0.0033047619047619045,5.181260089001936,4,0.19047619047619047,1,0.049326605543085426,0.04222862458953333
158,Greenfield County Water District,6081.7227805767425,11379.515151515152,69248514.48484848,80.10909090909091,0.0,2.3097014154282518e-08,4,0.5151515151515151,0,-2.800719635495243,1.7866421731418454
159,"Greenfield, City Of",0.011572645652964385,18042.69230769231,208.30185576923077,80.11778846153847,0.0,0.5684892936549111,13,0.19230769230769232,1,-0.36489104689642926,0.5295687100039306
160,Groveland Community Services District,2147.6857955797523,3397.5471698113206,7295618.048018868,87.80283018867925,60674.52830188679,0.9943418336641987,12,0.19811320754716982,0,-2.326606987685268,1.0505487920370624
161,Grover Beach  City Of,0.015453641988162665,13189.619047619048,205.8579365079365,79.84079365079366,0.0,0.5930757525913085,5,0.14285714285714285,1,-0.5385648345059129,0.4475096487977932
162,Hanford  City Of,5272.765026101681,58888.95327102804,310338140.57009345,65.79383177570094,0.0,0.03157790810609728,13,0.14018691588785046,0,-1.2661966645871656,1.0694960499097785
163,Hawthorne  City Of,0.007332115744317157,44596.305555555555,326.86388888888894,80.64814814814815,0.0,0.23800143350217676,8,0.18518518518518517,1,0.17774212467164616,0.7885430829022183
164,Hayward  City Of,3.4877686373835024,159137.261682243,554938.7289719626,60.308411214953274,6122.1682242990655,9.481934902455341e-05,3,0.1588785046728972,1,1.3703374227902598,-0.15821485035612526
165,Healdsburg  City Of,3887.1866953320255,11693.084112149532,45507285.64485981,70.0,3285263.2803738317,0.08742285086036639,2,0.16822429906542055,0,-1.7627554006283228,0.7100904688685195
166,Helix Water District,0.008120566534844711,274384.7962962963,2225.2078703703705,78.84722222222223,0.0,0.6857055193670974,10,0.18518518518518517,1,1.1796613078889568,0.9707499541838813
167,Hemet  City Of,0.013964772876960298,30651.647058823528,433.16295098039217,64.12058823529412,0.0,0.2808225619960029,10,0.19607843137254902,1,0.322721809794541,-0.29336678118681897
168,Hesperia Water District City Of,0.011892353014127452,94815.02884615384,1127.1634615384614,79.80653846153845,0.9464711538461539,0.03524152979546101,14,0.09615384615384616,1,0.648323986018818,0.9158669135133027
169,Hi-Desert Water District,0.00954432965412171,25166.98148148148,239.96759259259258,70.04916666666666,0.0,0.2302585122277822,14,0.1388888888888889,1,0.08873326803287064,0.03466922913130898
170,Hillsborough  Town Of,6.750291988811509,10980.714285714286,73456.0058095238,83.50952380952381,0.0,0.031177567561107608,3,0.2,1,-0.6485692520083828,0.7181880613853254
171,Hollister  City Of,3696.112078698061,22549.08,83374657.83706667,69.42800000000001,0.0,0.0029406991163768662,4,0.2,0,-1.2982445849543103,0.7773654400564995
172,Humboldt Bay Municipal Water District,0.02895761321341284,598.7850467289719,17.00108411214953,16.308570093457945,0.0,0.7285455382772575,1,0.205607476635514,1,-0.9060541405369161,-4.031583147213878
173,Humboldt Community Service District,1707.6839073837884,20481.939759036144,36540846.19108434,62.57433734939759,0.0,4.1762344467850445,1,0.14457831325301204,1,-1.0302096868363,-0.6865061475349352
174,Huntington Beach  City Of,0.010756655737180949,197623.44339622642,2123.835471698113,73.7,91.89528301886791,0.027389041308245987,6,0.16981132075471697,1,1.1966553605952759,0.6913779261630868
175,Huntington Park  City Of,0.00557148377674736,62883.02857142857,349.67619047619047,70.9475238095238,0.0,0.19567415225847923,8,0.13333333333333333,1,0.5893766496841513,0.2743963070052646
176,"Imperial, City Of",4014.2814171833024,19074.066666666666,76593819.77324761,79.98428571428572,0.0,11.372421754501234,15,0.05714285714285714,0,-3.2798546573794716,-0.22812006987837516
177,Indian Wells Valley Water District,4891.008455902496,32647.037037037036,159209324.6111111,83.60185185185185,0.0,0.3272413778616341,14,0.19444444444444445,0,-1.8868596826211417,1.9098515379847836
178,Indio  City Of,0.006026310216562158,87951.98113207547,529.5771698113208,72.0754716981132,0.0,0.4611069269574983,15,0.16981132075471697,1,0.7176864629658908,0.36959051932626746
179,Inglewood  City Of,0.008387959080863086,86684.63888888889,725.3007777777777,72.09092592592593,60.050222222222224,0.2125887029090949,8,0.16666666666666666,1,0.7427997484511499,0.4043629401442852
180,Irvine Ranch Water District,0.011214696967739336,419968.1203703704,4689.525277777778,56.95768518518519,2384.396944444444,0.016849402386858663,8,0.19444444444444445,1,1.9891592632418686,-0.1735872467024315
181,Joshua Basin Water District,0.011717598934563967,9610.157407407407,112.5726574074074,71.65794537037037,0.0,5.202425459907065,14,0.14814814814814814,1,-1.161305712786865,-0.7912983366197075
182,Jurupa Community Service District,0.015646292051926764,130574.8785046729,2033.0400747663552,73.5233644859813,0.0,0.07293730737413723,10,0.1308411214953271,1,0.9610054657354329,0.5924114620687733
183,"Kerman, City Of",4548.811500011103,15129.579439252337,67537634.32364486,71.71028037383178,0.0,0.017517878106492444,13,0.16822429906542055,0,-1.890822653914001,1.0123171168904428
184,"Kingsburg, City Of",822.3314788150257,12110.537037037036,9608956.101426853,82.38888888888889,0.0,0.1418504246425756,13,0.14814814814814814,1,-0.8860542586571377,0.8227428050656181
185,La Habra  City Of Public Works,0.011357755078531147,63118.0,716.8787850467289,75.80719626168224,0.0,0.3270443930289144,8,0.16822429906542055,1,0.46728584536143264,0.5503047067660543
186,La Palma  City Of,0.009819959220107786,15892.74074074074,156.06775,70.3125,4.854629629629629,0.34124407258381495,8,0.17592592592592593,1,-0.19087343574853347,-0.05619022964486556
187,La Verne  City Of,0.019548333196071452,32228.0,630.0036822429906,66.76252336448599,0.0,0.05044276609110327,9,0.16822429906542055,1,0.3242772616867125,-0.08934545105397551
188,Laguna Beach County Water District,0.013843104415463544,19134.25925925926,264.954537037037,61.09981481481481,0.0,0.04764748385407513,6,0.17592592592592593,1,0.1550970047439289,-0.5347512067880441
189,Lake Arrowhead Community Services District,0.01394304979807562,26164.166666666668,294.14416666666665,83.17185185185184,13.320092592592593,9.745777004460475,16,0.1388888888888889,1,-1.4642225732740328,-0.5671102009585337
190,Lake Hemet Municipal Water District,0.012675249195819376,53242.504672897194,674.792523364486,76.37781308411215,0.0,0.12510906707575745,10,0.17757009345794392,1,0.38630507690841676,0.5812300127866097
191,Lakeside Water District,0.010196220456023032,35448.805555555555,361.3989814814814,86.47685185185185,0.0,0.761913850494854,10,0.17592592592592593,1,-0.15004012817999976,1.019335389959688
192,Lakewood  City Of,0.0097170055643778,59332.214953271025,576.2241121495327,79.54018691588784,27.384766355140187,0.8125979902913059,8,0.12149532710280374,1,0.28501813770626966,0.6927234516400221
193,Lamont Public Utility District,0.014218283217150199,19743.203703703704,280.3776027777778,70.3561111111111,0.0,0.6384452306562589,13,0.12962962962962962,1,-0.1098882724852217,-0.05474219592056357
194,Las Virgenes Municipal Water District,0.020774535838727112,75384.01886792453,1566.067924528302,76.49056603773585,354.9688679245283,7.318735167695427,6,0.19811320754716982,1,-0.39368347690341887,-0.40557274174491176
195,"Lathrop, City Of",0.005333297213459276,23511.12745098039,124.78745098039215,53.689019607843136,23.398039215686275,0.6669022016127023,12,0.14705882352941177,1,0.34957737197843936,-1.0348562113256228
196,Lee Lake Water District,3.101509563537044,18662.987654320987,49086.14320987654,75.30864197530865,0.0,0.25698893809174955,10,0.16049382716049382,1,-0.1995489931534908,0.2913445469306577
197,Lemoore  City Of,7428.065071606803,26238.59259259259,195132041.03703704,68.10296296296296,879.6296296296297,0.22998903975159007,13,0.21296296296296297,0,-2.5973978564372726,1.469191397199158
198,Lincoln  City Of,0.005205856825105922,48250.38888888889,251.47840555555555,73.95916666666666,38.21423148148148,0.08057783492836684,11,0.14814814814814814,1,0.38985795019103997,0.4218266057926069
199,Lincoln Avenue Water Company,0.010850541568481541,16126.0,174.97583333333333,86.84722222222223,0.0,0.4792263034498208,9,0.18518518518518517,1,-0.5634058744015396,0.9285560271726251
200,Linda County Water District,3851.2360103226188,19486.23148148148,73474620.95342593,86.95277777777777,0.0,0.42468909233423285,11,0.19444444444444445,0,-1.878731337713927,1.7808901705998226
201,Livermore  City Of Division Of Water Resources,0.004885631847004542,31335.38888888889,151.71894444444445,58.84425925925926,0.0,3.8546799333891153,12,0.2037037037037037,1,-0.03286987846425339,-1.1364910442265275
202,Livingston  City Of,1496.0879931363252,14598.222222222223,22284818.99962963,25.26813601851852,0.0,0.04810455815530849,12,0.2037037037037037,1,0.2329718322425023,-2.4489621561073744
203,Lodi  City Of Public Works Department,0.005520559807737086,65207.65094339623,359.54075471698116,64.7,0.0,8.567920409614334,12,0.18867924528301888,1,-0.3861722492515184,-1.3332199313364812
204,Loma Linda  City Of *,0.01798854532964011,24039.819047619047,432.49407619047616,70.12683047619048,0.0,0.18417610359658612,10,0.1619047619047619,1,0.0674640695595663,0.037167118710789135
205,Lomita  City Of,0.04260843017340668,20500.40594059406,865.0912871287129,90.04455445544555,0.0,0.41965136016163085,6,0.09900990099009901,1,-0.49022882241786697,1.1783840189257417
206,Lompoc  City Of,0.0035152752538637434,40982.086021505376,143.79354838709676,70.36881720430108,0.0,1.337118520596899,5,0.22580645161290322,1,0.2065302212679161,-0.013438635216082151
207,Long Beach  City Of,0.007800110163471169,482023.02777777775,3773.868981481481,67.02314814814815,0.0,0.32486494471279076,6,0.1388888888888889,1,1.8046792742858309,0.41816911271200935
208,Los Angeles County Public Works Waterworks District 29,0.026571947086804184,22273.953703703704,591.3727777777777,74.3425925925926,0.0,7.400093699123922,6,0.18518518518518517,1,-1.044149675807463,-0.7876496624516023
209,Los Angeles County Public Works Waterworks District 40,0.016945396959819465,211201.19444444444,3576.224814814815,72.4074074074074,0.0,7.566368445378516,14,0.18518518518518517,1,0.24232395497022116,-0.48694050500758546
210,Los Angeles Department Of Water And Power,0.020374356596810334,1405000.0,28625.97101851852,67.97685185185185,540.6851851851852,0.03502218994750951,9,0.19444444444444445,1,2.4254029341088112,0.7292556265778128
211,"Los Banos, City Of",4953.486058148731,40930.93518518518,202510769.39972222,63.236111111111114,0.0,0.0030628991117171273,12,0.1388888888888889,0,-1.292861295048143,0.7807238958352959
212,Lynwood  City Of,0.006140552832025453,67689.5145631068,415.3996116504855,55.72398058252427,2.0163320388349515,0.05238600074089079,8,0.17475728155339806,1,0.9835929120436578,-0.6127312717566501
213,Madera  City Of,0.0036695305188743743,65672.06542056074,240.80430841121498,73.70093457943925,0.0,0.25111173247786356,13,0.21495327102803738,1,0.5460203720523387,0.441647290774999
214,Mammoth Community Water District,0.00309675490713162,16739.0,51.83658039047619,60.0,1.8848761904761906,3.1928293804320735,16,0.11428571428571428,1,-0.32167292727492114,-1.0920799904961631
215,Manhattan Beach  City Of,0.011432791478134722,35986.0,411.4227777777778,70.49907407407407,3.6437037037037037,0.1707480024511675,6,0.18518518518518517,1,0.2882860171239379,0.14108173497263282
216,Manteca  City Of,0.004505300144427647,80873.83495145632,364.67908737864076,82.08572815533981,1.2403414699029125,1.0808331076051614,12,0.1650485436893204,1,0.3673946974897025,0.8683584945389773
217,Marin Municipal Water District,0.010355736922017725,190150.5185185185,1968.8441666666668,73.0324074074074,39.86009259259259,3.0424832957399186,3,0.19444444444444445,1,0.7816158942399729,0.19818388740099716
218,Marina Coast Water District,0.008044053982265924,34740.194444444445,278.4151851851852,64.99824074074074,0.9507407407407408,0.17621473375646518,3,0.2037037037037037,1,0.38816263316327876,-0.20009050419621274
219,Martinez  City Of,0.9525585221745669,33592.72641509434,33689.04801886792,56.74622641509434,0.0,0.26481936403849793,12,0.20754716981132076,1,0.537608938220407,-0.7197790412168178
220,Mckinleyville Community Service District,0.002380926284355472,16900.0,40.23765420560748,73.70093457943925,5.184682242990654,6.24817908158201,1,0.14018691588785046,1,-1.0296962125979756,-0.710802711889341
221,Menlo Park  City Of,5.944798611985483,17589.528301886792,103336.45283018867,44.924433962264146,0.0,0.01903005458905484,3,0.19811320754716982,1,0.4635728294916702,-1.5263235551819159
222,Merced  City Of,0.006189907953028073,86205.37962962964,532.6077777777778,71.76851851851852,0.013888888888888888,7.362007292247181,12,0.2037037037037037,1,-0.22060195783641057,-0.671799743410087
223,Mesa Water District,0.011347303928170594,109440.0,1241.3286666666665,65.26133333333334,0.0,0.06595674669724766,6,0.25333333333333335,1,1.04344362486075,0.05789878154630501
224,Mid-Peninsula Water District,3.61849061834365,26980.673076923078,97530.95942307691,85.83653846153847,115.35576923076923,0.0022368094314909196,3,0.17307692307692307,1,-0.1882705139271155,1.0397255543295536
225,Millbrae  City Of,3.5002071463129654,21558.0,75426.85925925926,70.62962962962963,0.0,0.0008125219664036469,3,0.2037037037037037,1,0.018619199391780496,0.07400181776084047
226,Milpitas  City Of,3.9335562232455885,74861.14814814815,292296.5546296296,56.03703703703704,0.0,0.01042992274438879,4,0.2037037037037037,1,1.0376640656113185,-0.566931352533453
227,Mission Springs Water District,0.017293990098108166,38034.735849056604,656.358679245283,65.83018867924528,0.0,0.2047431782537354,15,0.1792452830188679,1,0.41709786646998326,-0.13604644021961212
228,"Modesto, City Of",4633.017676062722,228434.5,1057804522.5253677,71.82574074074074,0.0,7.451866450882945e-08,12,0.19444444444444445,0,-0.39364810707106596,1.5734936754027966
229,Monrovia  City Of,4462.175652275889,38158.28155339806,170029586.14563107,73.96543689320389,0.0,0.035480674163840306,9,0.1553398058252427,0,-1.389645767673282,1.3103542640873895
230,Monte Vista Water District,0.012571671903861993,56594.90740740741,710.9595370370371,67.92129629629629,23.4662037037037,0.11253198513133186,10,0.17592592592592593,1,0.6075649944875803,0.08250945268433735
231,Montebello Land And Water Company,0.008611948213149971,28735.11214953271,245.91065420560747,81.85046728971963,0.899588785046729,0.20651813224534538,9,0.1308411214953271,1,-0.0918155971963377,0.7795945299143932
232,Montecito Water District,0.027227006559714186,12150.138888888889,326.96685185185186,71.78837962962963,0.0,2.1051368331041607,6,0.2037037037037037,1,-0.6130499360077212,-0.27997251517136296
233,Monterey Park  City Of,0.0033152857173939163,62183.0,206.15441176470588,70.38235294117646,0.0,0.04360094167830175,9,0.14705882352941177,1,0.6160257295768653,0.2603873761781441
234,Morgan Hill  City Of,4229.473678553014,44699.72641509434,188867528.78301886,63.86858490566038,0.0,1.7017846046520033,4,0.20754716981132076,0,-1.2186938948180257,0.43507652761736393
235,Morro Bay  City Of,2140.8236695417936,10351.438095238096,22134417.142571427,68.86876190476191,0.0,0.12063646696903209,5,0.11428571428571428,0,-1.1640299423755742,0.2495825219738635
236,Moulton Niguel Water District,0.011757709486268355,171545.0185185185,2016.8137962962965,75.27777777777777,521.3726851851852,9.351677706935924,6,0.19444444444444445,1,-0.17918905100362464,-0.6174515488876123
237,Mountain House Community Services District,4793.744899343105,20551.567010309278,98634686.08649483,69.56020618556701,0.0,8.153384396434484,12,0.20618556701030927,0,-2.862848453610665,-0.20799732305041757
238,Mountain View  City Of,0.009700147695950425,78524.97196261682,761.0979439252336,62.09345794392523,1.1962616822429906,0.10644216907864364,4,0.19626168224299065,1,0.9204127058522081,-0.20541175919220428
239,Myoma Dunes Mutual Water Company,0.013841726329517643,8821.82075471698,120.52905660377358,75.36518867924528,0.02641509433962264,4.698112519879827,15,0.1509433962264151,1,-1.2224411404716904,-0.5089661421286047
240,Napa  City Of,0.011654349579672698,87077.97222222222,1014.9629629629629,63.907407407407405,0.0,0.08354249025156887,2,0.18518518518518517,1,0.9420055142158541,-0.07173684392223234
241,Nevada Irrigation District,0.005833565637083209,44761.0,261.11623148148146,80.54314814814815,0.4437962962962963,0.24400097714593016,11,0.18518518518518517,1,0.18130576755931593,0.7820176864940911
242,Newport Beach  City Of,0.017437549260029155,67229.42592592593,1171.954351851852,59.4537037037037,43.957314814814815,1.4615840216823908,6,0.16666666666666666,1,0.707408039671034,-0.5960456420569774
243,Nipomo Community Services District,42.469914821148635,13388.74074074074,531393.6935185185,83.00648148148149,0.0,2.2033168817507196,5,0.14814814814814814,1,-0.8330496850230086,0.41343806864418686
244,Norco  City Of,0.02145417631007199,26498.448598130843,568.2248598130841,66.57476635514018,3.911214953271028,0.09192339824371334,10,0.1308411214953271,1,0.21255433917610034,-0.14536250243609444
245,North Coast County Water District,1.9141216987843075,38896.666666666664,74578.0025,78.22777777777777,1465.1296296296296,0.15884456719482176,3,0.21296296296296297,1,0.1637487959753636,0.6270120463155545
246,North Marin Water District,0.003270371078334303,61496.666666666664,201.10083333333333,81.63425925925925,16.664074074074076,0.3221364971985283,2,0.19444444444444445,1,0.32570255812590493,0.8991146577054414
247,North Tahoe Public Utility District,0.00411184938271605,7500.0,30.83887037037037,82.7136111111111,0.0,0.32561157622711673,16,0.1388888888888889,1,-0.8831270632746997,0.5500713588218409
248,Norwalk City Of,0.0028397613193010146,18877.735849056604,53.33735849056604,97.05283018867925,2.2482075471698115,0.5422366474237225,8,0.16981132075471697,1,-0.7066939527363063,1.5688600809872868
249,Oakdale  City Of,0.0057370206537522795,22142.41414141414,127.08545454545455,75.79050505050505,0.0,0.14446285715949408,12,0.16161616161616163,1,-0.0974710032669407,0.3701555459164773
250,Oceanside  City Of,0.011187665261433884,175860.6851851852,1966.6757407407408,63.87916666666666,10.321296296296296,0.03611295989195402,7,0.17592592592592593,1,1.3448287366403093,0.07184596025372066
251,Oildale Mutual Water Company,0.02097543536654733,34545.03703703704,718.0664814814816,76.97175925925927,0.0,0.1771363470287898,13,0.18518518518518517,1,0.12267277545211787,0.5244417027246819
252,Olivehurst Public Utility District,0.005443374038519681,21283.82242990654,117.8582429906542,89.66110373831776,0.0,0.6967623017498401,11,0.1308411214953271,1,-0.4981961619915448,1.1215995296202173
253,Olivenhain Municipal Water District,0.017184414242360693,85582.75925925926,1469.0869444444445,69.4675925925926,77.96546296296297,0.39146681450595056,7,0.18518518518518517,1,0.7688342578825968,0.2164253693458694
254,Ontario  City Of,0.015093340041606394,176291.57407407407,2659.542037037037,56.225,377.88633333333337,0.021475585137798788,10,0.16666666666666666,1,1.515791704397914,-0.38946745478225187
255,Orange  City Of,0.015765081769729666,139889.78703703705,2205.1805555555557,63.85111111111111,165.11296296296297,0.2939721122650864,8,0.18518518518518517,1,1.1816966213017441,-0.012947086675122167
256,Orange Vale Water Company,0.019863845571521852,16329.282828282829,324.42030303030305,83.5140404040404,0.0,0.24419523025445902,12,0.16161616161616163,1,-0.4515673909382648,0.7636815048658254
257,Orchard Dale Water District,0.006549156016031095,25121.0,164.548,87.88838095238096,0.0,0.25132008169093034,9,0.1523809523809524,1,-0.30577650978751114,1.1125219735597227
258,Otay Water District,0.010602578972986918,223288.63888888888,2366.689814814815,68.825,0.0,0.03430324637785599,10,0.18518518518518517,1,1.3712236989985405,0.41888278693795844
259,Oxnard  City Of,0.008859561861214409,198378.66326530612,1755.9024489795918,56.2275,2064.83056122449,0.05012928741374803,6,0.22448979591836735,1,1.578328394836932,-0.3703236481376939
260,Padre Dam Municipal Water District,0.00894713627071564,90523.28703703704,809.812037037037,77.76,65.48148148148148,0.1003472389289632,10,0.18518518518518517,1,0.6582472420462104,0.7730898908351164
261,Palmdale Water District,70.48700925997362,115110.42990654205,1836086.136635514,79.88785046728972,0.0,5.3697974217173625,14,0.1588785046728972,1,0.007865814927130815,0.1860237788080021
262,Palo Alto  City Of,5.761441501820362,66439.35779816513,382627.6788990826,63.43302752293578,0.0,0.00021815177050051092,4,0.22018348623853212,1,0.8092144311335161,-0.1402171913883898
263,Paradise Irrigation District,3249.5903702228397,18309.51724137931,84593144.1724138,55.74942528735632,0.0,2.7909231671171497,11,0.22988505747126436,0,-1.3277682963953281,-0.5971785733404621
264,Paramount  City Of,0.008629782657252493,55747.51851851852,481.31277777777774,60.7962962962963,6.67462962962963,0.11445426706537408,8,0.1388888888888889,1,0.7548302575492177,-0.3526246591516322
265,Park Water Company,0.006431020763009673,124179.96261682243,798.4282242990655,69.54635514018692,186.20476635514018,0.16391873720583333,8,0.205607476635514,1,1.0075093007859306,0.328031326071498
266,Pasadena  City Of,0.013865307562962932,168375.88679245283,2333.914811320755,66.94924528301887,0.0,0.023624542090475164,9,0.18867924528301888,1,1.254800358611323,0.2512256222864446
267,Paso Robles  City Of,0.0049191947956577,31075.24074074074,152.92585185185183,59.08111111111111,0.0013511851851851853,0.5897946300672849,4,0.1388888888888889,1,0.3989995538158867,-0.6417520292928997
268,Patterson  City Of,3892.8261433968146,22701.435185185186,88317968.15472029,72.23611111111111,0.0,0.009741939179385302,12,0.18518518518518517,0,-1.4297504104440972,0.9887952530175131
269,"Perris, City Of",0.01434878322440087,9000.0,129.13904901960785,57.73666666666667,0.0,0.47992267104524,10,0.12745098039215685,1,-0.2544295673362993,-0.9508169501840779
270,Petaluma  City Of,4.381644948062432,62931.2962962963,275680.17027777777,65.85175925925925,0.0,0.001315366542266852,2,0.19444444444444445,1,0.7260683932791625,-0.004727542891545757
271,Phelan Pinon Hills Community Services District,0.010213416581141747,22955.766355140186,233.44531775700935,75.65420560747664,0.0,0.33918480086019265,14,0.14018691588785046,1,-0.1005224203260719,0.34024355308740445
272,Pico Rivera  City Of,0.011398530425853561,39871.481132075474,456.2159433962264,71.1883962264151,3.4414905660377357,0.2308967904194979,9,0.1792452830188679,1,0.32278639369402357,0.1941572025834696
273,Pico Water District,0.009302975338690431,24753.027777777777,230.0,57.157407407407405,4.62574074074074,0.48141092904815314,9,0.1388888888888889,1,0.3277083873000325,-0.7871065787771704
274,Pinedale County Water District,3828.0412245155285,16190.849056603774,61016341.11320755,93.87264150943396,50602.698113207545,0.024987532240062615,13,0.1792452830188679,0,-2.071896416084833,2.2180781643449294
275,Pismo Beach  City Of,0.03081959644583916,8020.521276595745,249.84021276595743,50.691489361702125,0.0,8.13248652027791,5,0.11702127659574468,1,-1.2004552593820015,-2.5303358457175302
276,Pittsburg  City Of,0.0034187667091569586,70309.6320754717,240.04661320754715,70.02358490566037,0.0,1.2943687579237926,12,0.18867924528301888,1,0.5238105439147578,0.07814524745035803
277,Placer County Water Agency,6813.498588653298,113653.1574074074,713174651.1182404,61.16851851851852,0.0,0.0030626704141201062,11,0.16666666666666666,0,-1.3617061755157431,1.2430133568396182
278,Pleasanton  City Of,0.004512693797880009,78697.63888888889,354.5161175925926,62.47925925925926,22.115757407407408,0.18047145579895735,12,0.19444444444444445,1,0.9031869843712821,-0.19252493545948268
279,Pomona  City Of,0.010316062038667476,152981.19811320756,1578.0162075471696,68.50245283018869,0.0,0.05045758521181947,9,0.18867924528301888,1,1.1631688612465387,0.32254579700724295
280,Port Hueneme  City Of,0.007649446732762976,21574.0,165.02064814814815,73.0525,0.0,0.25518044437029624,6,0.18518518518518517,1,-0.06714026391569457,0.18272933465274402
281,Porterville  City Of,0.004507988918020721,64142.90566037736,289.0468896226415,74.10566037735849,0.0,0.06492652718292768,13,0.1792452830188679,1,0.5490828039199753,0.4890325799651367
282,Poway  City Of,0.015846220437878786,49444.46296296296,784.2596296296296,72.29666666666667,0.0,0.22273736433499425,10,0.17592592592592593,1,0.420788849929599,0.3048779940480179
283,Quartz Hill Water District,0.020994768313967755,20313.283018867925,426.02792452830187,94.40566037735849,0.0,0.2325703014625458,14,0.16981132075471697,1,-0.5655678852236384,1.4685439377592446
284,Rainbow Municipal Water District,0.06737944220502276,20306.51886792453,1356.5849056603774,27.75943396226415,0.0,0.012752475532930858,10,0.19811320754716982,1,0.9233451204854587,-2.5388144651486866
285,Ramona Municipal Water District,0.011818267290715272,35814.27102803739,421.6551401869159,95.31308411214954,0.0,0.20846921107153082,10,0.16822429906542055,1,-0.26287243972543267,1.6386709613595156
286,Rancho California Water District,0.02958462662869509,150641.2,4464.013238095238,69.14714285714285,0.0,0.022107707592450527,10,0.1619047619047619,1,1.1442010164015874,0.3627804485704617
287,Red Bluff  City Of,6423.741005768418,14076.0,90420578.39719626,64.76915887850467,7397.943925233645,9.425795614780993,11,0.21495327102803738,0,-3.747147854268968,-0.4218556689459444
288,Redding  City Of,0.007285783094987853,89481.53846153847,650.3967362637363,67.77681318681319,0.05747252747252748,0.5627352602305604,11,0.14285714285714285,1,0.8077729034003724,0.09741586801694312
289,Redlands  City Of,0.021802785336652867,82158.37037037036,1789.5024074074074,70.25212962962962,18.501944444444444,1.4605565793550372,10,0.18518518518518517,1,0.5840081485025254,0.0981080545991458
290,Redwood City  City Of,3.684748823543945,88302.18691588785,325100.85046728974,68.82336448598132,25645.82242990654,0.16045709507556646,3,0.205607476635514,1,0.8304525107122913,0.21839837893449848
291,Reedley  City Of,0.005117636156058827,24662.398058252427,126.24956337864079,44.922330097087375,0.0,28.187385821207155,13,0.14563106796116504,1,-3.155152063303192,-5.619923268984848
292,Rialto  City Of,0.013430443098342935,54371.916666666664,730.1764814814815,72.45925925925927,1.3958333333333333,0.07840875073309732,10,0.16666666666666666,1,0.49024894179124096,0.35473193810684506
293,Rincon Del Diablo Municipal Water District,0.013897359031990535,30279.88888888889,419.9990740740741,72.5212962962963,202.68703703703704,0.06263932255420082,10,0.16666666666666666,1,0.161418557782018,0.24565293231464894
294,Rio Linda - Elverta Community Water District,5223.869798533207,12977.867924528302,67073702.80556604,87.05301886792454,0.0,1.234528250396133,12,0.1792452830188679,0,-2.7279536650268663,1.8727985450242053
295,"Rio Vista, City Of",6266.092900028784,9157.5,57271587.0,70.0,0.0,0.013088828153802632,12,0.19811320754716982,0,-2.7717565867712346,1.167539243536193
296,Ripon  City Of,6317.6241229026755,15785.188679245282,99663413.29037736,77.5382075471698,0.0,0.021692066132685144,12,0.1509433962264151,0,-2.6505038700723764,1.7410312679821518
297,Riverbank  City Of,4431.438696934115,23718.830188679247,105254624.25285755,89.81603773584905,0.0,1.2854932409051425,12,0.12264150943396226,0,-2.1622003529457055,1.986650967576434
298,Riverside  City Of,0.01698463512335702,309340.3333333333,5253.305555555556,58.66685185185185,14.582222222222223,0.011884630485844396,10,0.12037037037037036,1,1.7802453021460722,-0.12940566004249124
299,Riverside Highland Water Company,0.01684282496587956,17781.203703703704,296.89625,83.07166666666666,0.0,0.3010971739649226,10,0.1388888888888889,1,-0.4016160529797375,0.7452240985917774
300,Rohnert Park  City Of,78.20903564969454,43123.98130841122,3343240.1742523364,69.1273831775701,629776.4002305701,1.455039472140749,2,0.18691588785046728,1,0.21746788837501022,-0.07981622812120569
301,Rosamond Community Service District,0.0037567482736974266,17700.0,66.49444444444444,87.50185185185185,0.0,9.145039225536745,14,0.1388888888888889,1,-1.697813153343323,-0.29284927604514666
302,Roseville  City Of,0.01778171164549535,131862.96296296295,2341.261388888889,56.794074074074075,252.74361111111114,5.228698315495397,11,0.2037037037037037,1,0.6352673012266616,-1.1808897463623256
303,Rowland Water District,0.014303832445338331,57623.2962962963,821.8425925925926,51.0,90.4925925925926,0.07771541225898718,9,0.18518518518518517,1,0.992946608208243,-0.934490042089527
304,Rubidoux Community Service District,0.003850681518571698,33560.282051282054,127.9789358974359,73.90570512820513,0.0,0.8370382611126376,10,0.19230769230769232,1,0.08424613024704258,0.2354726646991851
305,Rubio Canyon Land And Water Association,0.016245582561728394,9600.0,155.9575925925926,89.36259259259259,0.0,7.365021636715437,9,0.17592592592592593,1,-1.8421942212644236,-0.037621801598194005
306,Sacramento  City Of,0.004065156038099989,498585.4905660377,2011.4295283018869,63.89339622641509,0.0,0.05388591250399594,12,0.19811320754716982,1,1.9289013003961404,0.27511240302900514
307,Sacramento County Water Agency,4664.960873717872,186498.261682243,872440897.3287833,72.76785046728972,0.0,0.0005970879325831159,12,0.18691588785046728,0,-0.5404042668680685,1.5972460511376554
308,Sacramento Suburban Water District,0.004447133699695174,181630.80373831774,805.5366448598131,70.35981308411215,0.0,6.892989160109826,12,0.18691588785046728,1,0.2933423863423847,-0.5413179401578497
309,San Bernardino  City Of,0.015427176342995884,204629.9150943396,3152.00858490566,65.13075471698113,0.0,0.01447052576570285,10,0.1792452830188679,1,1.4056631110723359,0.1807166719484968
310,San Bernardino County Service Area 64,0.015898370123288055,14336.787037037036,227.93935185185185,72.66157407407407,0.0,12.9156470376207,14,0.12962962962962962,1,-2.001687127420457,-1.7905353335482652
311,San Bernardino County Service Area 70J,0.011703907043142251,12019.12962962963,140.95842592592592,75.49537037037037,0.0,11.405934512419263,14,0.12962962962962962,1,-1.9587509411347919,-1.4305644866504312
312,San Bruno  City Of,2.4093785228316116,44692.91509433962,107588.64150943396,74.80698113207548,0.0,2.4456229040736153,3,0.1509433962264151,1,0.007277993556111703,0.10947659461005456
313,San Buenaventura  City Of,0.010079092667986551,113478.0,1143.7552777777778,65.58287037037037,48.12240740740741,0.051159091866908576,6,0.18518518518518517,1,1.0588075163235164,0.08670185982239514
314,San Clemente  City Of,0.012068548595694048,51677.97222222222,622.7768518518518,70.31194444444444,13.686666666666667,0.1366880234396959,6,0.17592592592592593,1,0.5007709411115628,0.2059701634974481
315,San Diego  City Of,0.010261842655980439,1351080.1759259258,13853.714814814814,53.87796296296296,913.4393518518518,0.005635634098225729,7,0.19444444444444445,1,2.716075662305946,-0.12871039942828533
316,San Dieguito Water District,0.013957474517527544,38146.02777777778,534.0121296296296,77.17564814814814,39.510185185185186,0.15158162875150327,7,0.18518518518518517,1,0.1775017563107096,0.5600805845692072
317,San Fernando  City Of,0.01744585572610821,24169.506666666668,423.1426666666667,78.6,0.0,0.7936913866718598,9,0.18666666666666668,1,-0.19751573598831848,0.4618381984499242
318,San Francisco Public Utilities Commission,0.002251012322901961,867461.2592592592,1949.7320370370371,56.62407407407407,2.565898148148148,0.03980888364168538,3,0.18518518518518517,1,2.4018228845836407,-0.054479789632807994
319,San Gabriel County Water District,0.009684833333333333,45000.0,435.8175,75.0,0.0,0.14624926549455497,9,0.2037037037037037,1,0.3189092696206269,0.4615006034337943
320,San Gabriel Valley Fontana Water Company,0.013878925677396953,225211.82242990655,3119.084392523365,63.46093457943926,14.754579439252337,0.01931327101295852,10,0.16822429906542055,1,1.4955386045721424,0.09764148113878766
321,San Gabriel Valley Water Company,0.010114494071875391,261148.96226415093,2641.9346226415096,59.544999999999995,139.04028301886794,0.02452111079794952,9,0.16037735849056603,1,1.6639491039458083,-0.1113635876269118
322,San Jacinto  City Of,3.7932094145316246,17440.777777777777,65238.44894444444,75.73925925925926,0.0,1.7286285300124078,10,0.1388888888888889,1,-0.4464892986559772,0.08699425671339617
323,San Jose  City Of,0.0036742121117882133,124286.17592592593,451.787037037037,62.111111111111114,38.2037037037037,0.18259699729749077,4,0.21296296296296297,1,1.1682766298583225,-0.12524543058880325
324,San Jose Water Company,0.003005614523588922,1012145.5648148148,3038.239814814815,66.61351851851852,60.71259259259259,0.7270680854857758,4,0.19444444444444445,1,2.1769524167074157,0.47991399027925025
325,San Juan Capistrano  City Of,0.01539642904277922,39014.7027027027,600.6670270270271,62.681081081081075,43.709675675675676,1.3661701248484868,6,0.25675675675675674,1,0.34323463423062067,-0.49339603072165883
326,San Juan Water District,0.03130424570557092,30771.582417582416,957.153956043956,87.77747252747253,0.0,0.11800666221797333,11,0.21978021978021978,1,-0.17107917880823323,1.1654033182152186
327,San Lorenzo Valley Water District,2065.8997146109955,24653.685714285715,50693664.44761905,89.67619047619047,0.0,0.1476551756818491,3,0.20952380952380953,0,-1.106932128073808,1.6619870698288302
328,San Luis Obispo  City Of,0.008712912765937667,46400.00925925926,404.1452777777778,60.02111111111111,1.478888888888889,4.196248100744735,5,0.19444444444444445,1,0.11618015646562174,-1.038351454094567
329,Sanger  City Of,0.005953893771486272,26166.216981132075,155.9259716981132,59.0,0.0,0.5247041157361205,13,0.2169811320754717,1,0.312766399464692,-0.6708869905881102
330,Santa Ana  City Of,0.008433892394525518,332005.0,2800.0944444444444,67.0,8.041666666666666,0.02802104583912344,8,0.1388888888888889,1,1.6354062560084204,0.3872351306005926
331,Santa Barbara  City Of,0.00860953961678375,94935.37037037036,816.8750925925925,69.05111111111111,18.26037037037037,0.09423949777907982,6,0.18518518518518517,1,0.8765721432199162,0.25546599285379507
332,Santa Clara  City Of,0.00385445092679463,125795.11111111111,483.75648148148144,50.81944444444444,99.27962962962964,0.13411272157171267,4,0.21296296296296297,1,1.4288893765448423,-0.8001564852742785
333,Santa Clarita Valley Water Agency,0.018015072377243816,280752.0288461539,5040.996826923077,64.25134097451922,41.01788461538461,0.4163613066476716,9,0.19230769230769232,1,1.5486293862185603,0.13030280046835568
334,Santa Cruz  City Of,0.002258678471092947,95623.02830188679,215.80119811320753,58.5811320754717,653.1037735849056,0.406180178392089,3,0.11320754716981132,1,1.0676966136713575,-0.42380675858450806
335,Santa Fe Irrigation District,0.039173586392073696,19791.08653846154,774.9748076923078,81.01442307692308,30.129807692307693,0.27415481266506947,7,0.09615384615384616,1,-0.2926326237026231,0.645575610084413
336,Santa Fe Springs  City Of,0.02499728433112027,18206.260869565216,455.058152173913,26.97826086956522,2766.6134130434784,0.12453186249225136,9,0.11956521739130435,1,0.8638691674509198,-2.6241563273944797
337,Santa Margarita Water District,0.012275512411105879,160446.0280373832,1966.3457943925234,73.9373831775701,590.740093457944,4.038680037639282,8,0.18691588785046728,1,0.531364526273667,0.07254294776113562
338,Santa Maria  City Of,0.009192186693354979,106077.37037037036,973.3308333333333,66.8387962962963,0.0,1.075959159493566,5,0.21296296296296297,1,0.8546727705699346,-0.0017390773100409835
339,Santa Monica  City Of,0.0033144962137513913,92900.48148148147,307.8989814814814,69.17129629629629,3.9199074074074076,0.15754451816452644,6,0.2037037037037037,1,0.8531763124246085,0.24914061133314852
340,Santa Paula  City Of,0.011308837893442728,30007.12037037037,339.1137962962963,75.27787037037037,0.0,4.173796899594792,9,0.1388888888888889,1,-0.46029099052263267,-0.19600315214690686
341,Santa Rosa  City Of,2671.013310053672,174528.72222222222,466031452.8184259,73.08425925925927,0.06481481481481481,0.001020989339081213,2,0.21296296296296297,1,0.15406163272919746,1.188782122291326
342,Scotts Valley Water District,2862.1082987281034,10592.018867924528,30291857.226415094,67.40160377358491,5446510.395943397,8.082300896284709,3,0.19811320754716982,0,-2.4634596400548574,-0.8603259184148614
343,Seal Beach  City Of,0.010857385513397181,25469.869158878504,276.5227102803738,55.22672897196262,0.04672897196261682,1.756675966510309,6,0.16822429906542055,1,0.21351155720394088,-1.0867956088304354
344,Shafter  City Of,0.006561713132334463,19893.916666666668,130.41666666666666,65.87962962962963,0.0,0.14243127115683052,13,0.21296296296296297,1,0.05953192206397407,-0.25135852659992125
345,Shasta Lake  City Of,4983.2840399640245,10400.67619047619,51841899.41695238,71.06666666666666,0.0,0.8296522732349391,11,0.19047619047619047,0,-2.3586148335369956,0.8699941612733539
346,Sierra Madre  City Of,0.01624389401074961,11089.514018691589,180.1747663551402,94.50280373831775,0.0,11.573247543438663,9,0.18691588785046728,1,-2.4429277291044293,-0.3189681394631499
347,Signal Hill City Of,0.01772422761664565,11712.0,207.58615384615385,53.93589743589744,0.0,8.593902027197537,6,0.3333333333333333,1,-1.1207550717839931,-2.3273176688620234
348,"Soledad, City Of",3369.3174442340214,16904.203703703704,56884803.44444445,74.58814814814815,0.0,8.682733797354645,3,0.2037037037037037,0,-2.6267951303224497,-0.31594907742764117
349,Sonoma  City Of,0.013589110799160042,11678.525773195875,158.68227731958763,70.7549412371134,0.8577406658515464,1.0283928896034211,2,0.2268041237113402,1,-0.46701849904788356,-0.19143684982508316
350,Soquel Creek Water District,0.0021357525246189684,40323.9537037037,86.07587962962963,75.2287037037037,0.0,8.125268095200656,3,0.2037037037037037,1,-0.8274634290715843,-0.7242339995152002
351,South Coast Water District,0.012732065560043235,35168.32407407407,447.55296296296297,71.2175925925926,72.56462962962962,0.016331964392456363,6,0.12962962962962962,1,0.2805030601335157,0.20291067239923918
352,South Feather Water And Power Agency,0.008831201213283991,16680.190476190477,147.4190119047619,85.88345238095238,0.011904761904761904,0.9959596135736235,11,0.27380952380952384,1,-0.5931917780021402,0.8004946673631876
353,South Gate  City Of,0.007595481371258375,88074.49523809523,665.1406666666667,69.86380952380952,4.215238095238095,0.5675941438617019,8,0.18095238095238095,1,0.7524911494423303,0.22008337684883525
354,South Pasadena  City Of,0.012408584968427236,25986.15306122449,322.4926530612245,79.3095918367347,0.0,0.22731391917975835,9,0.12244897959183673,1,-0.09561247764008782,0.6027263953329599
355,South Tahoe Public Utilities District,0.004550086091991855,33122.95327102804,150.71268224299064,44.49439252336448,0.0,0.08129963568462172,16,0.1308411214953271,1,0.8231438856175128,-1.4382963356605174
356,Stockton  City Of,0.004436792347478669,179891.85333333333,797.6924,66.73333333333333,0.0,0.06558777181544517,12,0.30666666666666664,1,1.291106205840413,0.24495711444780205
357,Suburban Water Systems San Jose Hills,0.011202048349835158,177949.8148148148,1994.0382407407408,70.19888888888889,56.969537037037036,0.06549502577891388,9,0.2037037037037037,1,1.2091178476350894,0.452901035592361
358,Suburban Water Systems Whittier/La Mirada,0.013726066073368591,116451.48148148147,1595.3822222222223,68.36342592592592,0.0,0.035105059575396266,9,0.2037037037037037,1,1.014656191450327,0.26270502403615037
359,Suisun-Solano Water Authority,0.003189777990559932,29542.65625,94.16041666666666,69.24072916666667,0.0,0.8500053436310858,12,0.08333333333333333,1,0.11284601244319886,-0.0742955376381014
360,Sunny Slope Water Company,4.1378503462308025,29972.972222222223,123875.87962962964,86.42138888888888,0.0,0.00045915845947670087,9,0.18518518518518517,1,-0.14180786494664588,1.0962391713801936
361,Sunnyslope County Water District,2874.240104943781,21556.971962616823,61669405.4953271,92.0214953271028,0.0,1.3380333388706198e-06,4,0.18691588785046728,0,-1.5133974155821304,1.9675878961966682
362,Sunnyvale  City Of,0.009854866262776473,152253.34579439252,1501.5354205607478,61.23719626168224,29.22607476635514,2.6702775435211534,4,0.205607476635514,1,0.9651029110872181,-0.505561642720156
363,Susanville  City Of,0.007749501532691796,8575.564814814816,66.44142592592593,72.96046296296296,0.0,1.2629525275520688,16,0.1388888888888889,1,-0.7209330672308585,-0.1531377889381641
364,Sweetwater Authority,0.007555482614807652,191473.57943925232,1446.0055140186917,70.97682242990655,0.0,2.074267024393161,7,0.17757009345794392,1,0.9615361223483693,0.21789431083475022
365,Sweetwater Springs Water District,0.007374717713833209,7696.7169811320755,56.693207547169806,80.55660377358491,0.0,1.3806517189284218,2,0.2169811320754717,1,-0.9640690346127323,0.26865411829623453
366,Tahoe City Public Utilities District,2911.4162038796935,9663.188235294117,29307852.588235293,69.02823529411765,0.0,3.83522079458501e-06,16,0.17647058823529413,0,-1.4754598962485022,0.42372507230918455
367,"Tehachapi, City Of",0.01854174267307256,8899.764705882353,164.91791176470588,52.961666666666666,0.0,5.350555020703105,16,0.10784313725490197,1,-0.8151901351651499,-1.9615480300904693
368,Thermalito Water And Sewer District,6.973275652349508,10767.689655172413,73619.85062068966,80.62482758620689,0.0,0.14261194356449164,11,0.7241379310344828,1,-0.611592379053758,0.5230726887637754
369,Thousand Oaks  City Of,0.015256226015623278,52752.351851851854,804.6675925925927,75.15351851851852,0.0,0.02441937174989528,9,0.16666666666666666,1,0.4215288242696067,0.5200660445754993
370,Torrance  City Of,0.013513678954550625,106967.61616161616,1444.0280808080809,53.833333333333336,433.9191919191919,0.7494654161782942,6,0.12121212121212122,1,1.1883379686344264,-0.7402160330713962
371,Trabuco Canyon Water District,0.015247950965824784,13062.860465116279,199.3139534883721,71.71860465116279,61.633720930232556,1.4687414968182955,8,0.22093023255813954,1,-0.48462824337121824,-0.17599803367230848
372,Tracy  City Of,0.015203528469813333,91245.48936170213,1392.5617904148935,66.62765957446808,0.0,4.7486526142241265,12,0.24468085106382978,1,0.27755669394216675,-0.5863997300370228
373,Triunfo Sanitation District / Oak Park Water Service,0.013553456856830222,12360.188679245282,166.66037735849056,89.00849056603774,66.48556603773585,0.2606344209745719,9,0.18867924528301888,1,-0.7309015309232905,1.039511825526974
374,Truckee-Donner Public Utilities District,3340.7045189799915,33580.5,112113036.67027777,79.84074074074073,0.0,5.308053932211157e-07,16,0.12037037037037036,0,-1.1699277894444342,1.4134331390949184
375,"Tulare, City Of",305.88536176611854,65159.648148148146,18287589.917592593,53.60092592592592,0.0,0.772024492533392,13,0.2037037037037037,1,0.7979290948768548,-0.7915702038558093
376,Tuolumne Utilities District,0.013206409542476576,31109.168224299065,411.6704672897196,66.16168224299065,0.0,0.16341826499827716,12,0.19626168224299065,1,0.3022553404513092,-0.14939780209226247
377,Turlock  City Of,91.70833033875586,73216.68518518518,6527904.864001777,52.98675925925926,51.51334259259259,0.14467232566366614,12,0.2037037037037037,1,1.0412639993408135,-0.7577653064356275
378,Tustin  City Of,0.012070046020073192,67440.56603773584,814.4216037735849,83.1745283018868,0.0,2.340333212438879,8,0.16981132075471697,1,0.07085477177076098,0.7126690756313482
379,Twentynine Palms Water District,0.01158803241856508,18795.0,217.7970693069307,85.0,0.0,0.2688802767806698,14,0.16831683168316833,1,-0.40825929813149103,0.8777742379809824
380,Ukiah  City Of,0.004450437683262555,16090.714285714286,71.60898571428571,56.17157142857143,9.856814285714286,7.581507004721124,2,0.2857142857142857,1,-0.8538841535300842,-1.9798479328279242
381,Upland  City Of,8.587560216639941,76709.90243902439,658373.6058536585,70.92682926829268,29060.37756097561,0.00011327746924802833,10,0.21951219512195122,1,0.7250254382381056,0.34290278224268855
382,Vacaville  City Of,0.014524588877146846,91724.39814814815,1331.7992592592593,73.80867592592593,0.0,3.6099292955579227,12,0.21296296296296297,1,0.2773325257150254,0.018026140126765993
383,Vallecitos Water District,0.011953943092903404,102291.08333333333,1217.2055555555557,64.20925925925927,0.0,0.02059415787309116,7,0.18518518518518517,1,1.0345800329991537,-0.012466355365732153
384,Vallejo  City Of,0.0033806171714368047,124422.99065420561,420.47882242990653,65.67757009345794,0.0,3.7394888149052403,3,0.18691588785046728,1,0.6095407263842303,-0.4339822049554155
385,Valley Center Municipal Water District,0.06011056538845236,26753.14814814815,1589.634074074074,30.06851851851852,4.321296296296296,0.07271173834819793,10,0.18518518518518517,1,1.0199157514246127,-2.3534595584665454
386,Valley County Water District,0.009287377016611786,61558.64485981308,563.4445514018691,68.95476635514018,0.0,0.10065834398832355,9,0.11214953271028037,1,0.6338815501020738,0.16344625427905055
387,Valley Of The Moon Water District,0.008685274673545565,23491.990476190476,204.15323904761905,80.39814220000001,0.0,0.28905583651166167,2,0.21904761904761905,1,-0.18461742900578385,0.6397404012626696
388,Valley Water Company,0.027633083662080685,10014.952380952382,276.8152380952381,87.56190476190476,0.0,0.31837201953385186,9,0.17142857142857143,1,-0.8255071340430161,0.9019129507964819
389,Vaughn Water Company,9829.273056174834,32440.45283018868,318616638.2075472,96.0,0.0,0.0031140105461204166,13,0.19811320754716982,0,-3.947804354642022,3.7346042417145067
390,Ventura County Waterworks District No 1,0.019873411922148938,38088.92156862745,758.649705882353,62.71009803921569,35.2421568627451,0.2626260154456592,9,0.20588235294117646,1,0.4783884873407518,-0.3334356054222296
391,Ventura County Waterworks District No. 8,0.015497855293549377,92997.3425925926,1439.4526851851854,66.56333333333333,0.0,0.05921030148927941,9,0.17592592592592593,1,0.9241710100654494,0.10578459829933576
392,Vernon  City Of,4.95283599687744,112.90666666666667,558.7929333333334,0.15899773333333334,32.86546666666666,0.11999175509677973,8,0.26666666666666666,1,-1.4073098495498453,-5.2464586765857195
393,Victorville Water District,0.013977834706694527,125337.74038461539,1751.2242307692309,72.27211538461539,6386.995716346153,3.679438250350915,14,0.17307692307692307,1,0.4773834282268985,-0.02394516618681675
394,Vista Irrigation District,0.010784184097236589,131384.27777777778,1414.3109259259259,66.14361111111111,0.0,3.770461946597272,7,0.17592592592592593,1,0.6257963294476415,-0.39959355113087447
395,Walnut Valley Water District,0.013114550948866543,107731.08333333333,1410.8252962962963,84.76851851851852,8.62962962962963,4.235614430536717,9,0.16666666666666666,1,0.043256492827854556,0.6216276508884182
396,Wasco  City Of,918.9542604985476,24293.32857142857,21140508.059742857,72.12557142857143,6833815.171428571,1.3309433783608107,13,0.14285714285714285,1,-0.4660446433765349,0.18211888286688346
397,Watsonville  City Of,2868.592371663674,65764.19811320755,188662550.31132075,69.34811320754717,0.0,3.6269623308310805e-07,3,0.18867924528301888,0,-0.38677607762376787,0.8115129790651127
398,West Kern Water District,0.05156434636028915,21872.23148148148,1124.8073148148148,31.37361111111111,46.2962962962963,1.1665146560936281,13,0.17592592592592593,1,0.7299243131288049,-2.4754711674766403
399,West Sacramento  City Of,0.01764013922274094,52652.8,927.2811142857142,54.79114285714285,0.0,0.07064774205507322,12,0.17142857142857143,1,0.8600914893337234,-0.7213940760038051
400,West Valley Water District,0.018462074923937925,85839.14814814815,1573.55,67.76851851851852,0.0,0.026561227196788748,10,0.1388888888888889,1,0.857096333782443,0.1678990001259965
401,Westborough Water District,2.167765158198253,13948.915887850468,30257.205607476637,82.41919626168223,0.0,2.2777613113832986,3,0.18691588785046728,1,-0.7922512807785724,0.3665341372757735
402,Western Municipal Water District Of Riverside,0.018141356225376878,98110.79629629629,1777.194814814815,65.49259259259259,89.63583333333334,0.04982897816464623,10,0.17592592592592593,1,0.979025751760927,0.052798562701344386
403,Westminster  City Of,0.00916557282660936,95500.79629629629,874.8428703703704,74.64907407407408,0.0,0.05056769824780522,6,0.18518518518518517,1,0.7632440734234476,0.6024021907403337
404,Whittier  City Of,84.33303430474784,50123.65714285714,4212773.949619047,71.87619047619047,104.61742857142858,1.5377310473339798,9,0.1523809523809524,1,0.22851373898579244,0.1054605383829602
405,"Windsor, Town Of",0.009748121228702852,28024.69811320755,273.27622641509436,69.10849056603773,36.96300943396226,0.22965886522705742,2,0.19811320754716982,1,0.1699727462724702,-0.001100862859494268
406,Woodland  City Of,4287.656503049528,59453.0462962963,254894129.9722222,60.03101851851852,6869354.796296297,3.1804712469241134,12,0.19444444444444445,0,-1.1956891288085971,0.05236356379137667
407,Yorba Linda Water District,0.01917293156775732,78541.46296296296,1502.9526851851854,71.83194444444445,113.82537037037036,0.3214437625757793,8,0.12962962962962962,1,0.6781899627544897,0.3531866705634098
408,"Yreka, City Of",0.007245429553878434,7815.188679245283,56.61183018867925,42.59566037735849,0.0,1.3413748687855234,16,0.1320754716981132,1,-0.11891045248984897,-2.023541888639693
409,Yuba City  City Of,0.005189458925548061,71691.75,371.3417685185185,66.4074074074074,0.0,0.2070528260219973,11,0.17592592592592593,1,0.761073601207289,0.023310929622746678
410,Yucaipa Valley Water District,0.005760457948986644,50567.45714285714,289.6628476190476,87.07619047619048,53.26507619047619,1.1450977308812056,10,0.1619047619047619,1,-0.014992530241958993,1.068978385980646
